[
    {
        "contact id": "7ddcd4b38c8f1c7d",
        "Family Name": "name Not found",
        "Given Name": "Unicredit Banca Chiusi",
        "Organiztion Name": "oraginazation Not found",
        "Mobile No.": "+390578071011",
        "Phone type": "work",
        "Notes": "Unicredit Banca Chiusi 0578/ 071011",
        "Addess Type": "home",
        "Address street": "Piazza Giacomo Matteotti, 7, 53043 Chiusi Scalo"
    },
    {
        "contact id": "7b6640c10a0cf69a",
        "Family Name": "name Not found",
        "Given Name": "OTI -Officina Terapie Innovative (Omeo Tossicologici Italia)",
        "Organiztion Name": "oraginazation Not found",
        "Mobile No.": "+39800448833",
        "Phone type": "home",
        "Notes": "OTI -Officina Terapie Innovative (Omeo Tossicologici Italia) 0863/99 381 - fax 800/ 44 88 33 - 02 22 28",
        "Addess Type": "home",
        "Address street": "S.S. Tiburtina Valeria Km 69.300 67061 Carsoli (AQ)"
    },
    {
        "contact id": "7b30163c0f0e625f",
        "Family Name": "name Not found",
        "Given Name": "RAMPELLI DESIGN SRL",
        "Organiztion Name": "oraginazation Not found",
        "Mobile No.": "+390578226932",
        "Phone type": "home",
        "Notes": "RAMPELLI DESIGN SRL 0578/ 22 80 98 - 22 69 32 -20 082",
        "Addess Type": "home",
        "Address street": "53043 Chiusi (SI) - V. FIRENZE 32"
    },
    {
        "contact id": "79d27a580c35c8f3",
        "Family Name": "name Not found",
        "Given Name": "Agenzia immobiliare Marcellini | Cristina Marcellini",
        "Organiztion Name": "oraginazation Not found",
        "Mobile No.": "+393355367330",
        "Phone type": "work",
        "Notes": "Agenzia immobiliare Marcellini | Cristina Marcellini 335/ 53 67 330",
        "Addess Type": "home",
        "Address street": "Via XX Settembre, 99 - 52037 Sansepolcro (Arezzo)"
    },
    {
        "contact id": "78aff35f0db4c25b",
        "Family Name": "name Not found",
        "Given Name": "Alessandro Boncompagni -Idraulico -H2o Impianti",
        "Organiztion Name": "oraginazation Not found",
        "Mobile No.": "+393487636417",
        "Phone type": "work",
        "Notes": "Alessandro Boncompagni -Idraulico -H2o Impianti 348/ 76 36 417",
        "Addess Type": "home",
        "Address street": "VIA GIOVANNI BOCCACCIO, 173/C, 52037, Sansepolcro,"
    },
    {
        "contact id": "78a660b68e967bac",
        "Family Name": "name Not found",
        "Given Name": "Ostello della Giovent— di Bressanone!",
        "Organiztion Name": "oraginazation Not found",
        "Mobile No.": "+390472279998",
        "Phone type": "home",
        "Notes": "Ostello della Giovent— di Bressanone! 0472/ 279 999 fax 279 998",
        "Addess Type": "home",
        "Address street": "Via Bruno 2"
    },
    {
        "contact id": "781a236e0ae25da0",
        "Family Name": "name Not found",
        "Given Name": "Agenzia Delle Entrate | AR imp erg Lamonaca Antonella",
        "Organiztion Name": "oraginazation Not found",
        "Mobile No.": "+390575917464",
        "Phone type": "work",
        "Notes": "Agenzia Delle Entrate | AR imp erg Lamonaca Antonella [0575/ 91 74 64]",
        "Addess Type": "home",
        "Address street": "53045 Montepulciano (SI) - Via Voltaia Nel Corso, 53"
    },
    {
        "contact id": "764b3a13883deb9d",
        "Family Name": "name Not found",
        "Given Name": "TNT Traco (Corriere) | Pisa Via Padre Barsanti 2 Ospedaletto",
        "Organiztion Name": "oraginazation Not found",
        "Mobile No.": "+39050983834",
        "Phone type": "work",
        "Notes": "TNT Traco (Corriere) | Pisa Via Padre Barsanti 2 Ospedaletto 050/ 98 38 34 Lun-Ven 8.30 - 18 sab 8.30 - 12.30",
        "Addess Type": "home",
        "Address street": "Siena"
    },
    {
        "contact id": "730b2d740a05c00f",
        "Family Name": "name Not found",
        "Given Name": "Marco Romoli medico famiglia (Falomi)",
        "Organiztion Name": "oraginazation Not found",
        "Mobile No.": "+393398034356",
        "Phone type": "work",
        "Notes": "Marco Romoli medico famiglia (Falomi) 339/ 803 43 56",
        "Addess Type": "home",
        "Address street": "Via Martiri della Libert... 7 Cetona"
    },
    {
        "contact id": "72046c260c959bc3",
        "Family Name": "name Not found",
        "Given Name": "Paoletti, studio legale | Chiezzi Daniele",
        "Organiztion Name": "oraginazation Not found",
        "Mobile No.": "+393487408402",
        "Phone type": "work",
        "Notes": "Paoletti, studio legale | Chiezzi Daniele 348/ 740 840 2",
        "Addess Type": "home",
        "Address street": "V. dell'opio nel corso 15, 53045 - Montepulciano (SI)"
    },
    {
        "contact id": "70eed5dc0fc655d0",
        "Family Name": "name Not found",
        "Given Name": "Scuola di agopuntura tradizionale della citt... di Firenze | Franco Cracolici",
        "Organiztion Name": "oraginazation Not found",
        "Mobile No.": "+393395620150",
        "Phone type": "home",
        "Notes": "Scuola di agopuntura tradizionale della citt... di Firenze | Franco Cracolici Stud. 49 99 89 - 339/56 20 150",
        "Addess Type": "home",
        "Address street": "50143 Firenze (FI) - V. SOFFIANO 20"
    },
    {
        "contact id": "6de020c489e47209",
        "Family Name": "name Not found",
        "Given Name": "Alessando Cignetti, dentista",
        "Organiztion Name": "oraginazation Not found",
        "Mobile No.": "+390669921357",
        "Phone type": "home",
        "Notes": "Alessando Cignetti, dentista 06/ 36 14 040 - 06/ 6992 1357 - 345/ 76 93 261",
        "Addess Type": "home",
        "Address street": "Via Poli, 53, 00187 Roma"
    },
    {
        "contact id": "6db83edc8a404bcb",
        "Family Name": "name Not found",
        "Given Name": "Ugo Pansolli - avvocato",
        "Organiztion Name": "oraginazation Not found",
        "Mobile No.": "+393290576649",
        "Phone type": "home",
        "Notes": "Ugo Pansolli - avvocato 06/ 39 72 79 46 - 329/ 057 66 49",
        "Addess Type": "home",
        "Address street": "V.S. Firenze - Roma"
    },
    {
        "contact id": "6d7304dc08da388f",
        "Family Name": "name Not found",
        "Given Name": "Ospedale san camillo forlanini",
        "Organiztion Name": "oraginazation Not found",
        "Mobile No.": "+390655551",
        "Phone type": "home",
        "Notes": "Ospedale san camillo forlanini 06/ 58701 - 06/ 55551",
        "Addess Type": "home",
        "Address street": "Piazza Carlo Forlanini 1, 00151 Roma"
    },
    {
        "contact id": "6b94e6160a6c5f67",
        "Family Name": "name Not found",
        "Given Name": "ospedale Careggi",
        "Organiztion Name": "oraginazation Not found",
        "Mobile No.": "+39055794111",
        "Phone type": "work",
        "Notes": "ospedale Careggi 055/ 794 111",
        "Addess Type": "home",
        "Address street": "Careggi"
    },
    {
        "contact id": "69df6ac38eb57ffe",
        "Family Name": "name Not found",
        "Given Name": "AGENZIA MARABISSI SAS DI MARABISSI A.R. Forniture alberghiere (termos)",
        "Organiztion Name": "oraginazation Not found",
        "Mobile No.": "+39057860623",
        "Phone type": "home",
        "Notes": "AGENZIA MARABISSI SAS DI MARABISSI A.R. Forniture alberghiere (termos) 0578/ 63 553 fax 60 623",
        "Addess Type": "home",
        "Address street": "53042 Chianciano Terme (SI) - VL. DELLA LIBERTA' 158"
    },
    {
        "contact id": "672a6fbc0ae40df6",
        "Family Name": "name Not found",
        "Given Name": "Ugo Pansolli - avvocato | Sarteano, v. dei goti n.3",
        "Organiztion Name": "oraginazation Not found",
        "Mobile No.": "+3905781902073",
        "Phone type": "work",
        "Notes": "Ugo Pansolli - avvocato | Sarteano, v. dei goti n.3 0578/ 190 20 73",
        "Addess Type": "home",
        "Address street": "V.S. Firenze - Roma"
    },
    {
        "contact id": "60d8768208f6bbe4",
        "Family Name": "name Not found",
        "Given Name": "Tecniche Nuove | Castelli Mario, Responsabile vendite (accrodi sconto 30%)",
        "Organiztion Name": "oraginazation Not found",
        "Mobile No.": "+393283695810",
        "Phone type": "work",
        "Notes": "Tecniche Nuove | Castelli Mario, Responsabile vendite (accrodi sconto 30%) 328/ 36 95 810",
        "Addess Type": "home",
        "Address street": "V. C. Menotti 14, 20129 Milano"
    },
    {
        "contact id": "602da7ce0f665f87",
        "Family Name": "name Not found",
        "Given Name": "Ambasciata Bulgaria",
        "Organiztion Name": "oraginazation Not found",
        "Mobile No.": "+39063224640",
        "Phone type": "home",
        "Notes": "Ambasciata Bulgaria 06/ 322 4643 - 06/ 322 4640",
        "Addess Type": "home",
        "Address street": "Via Pietro Paolo Rubens, 21, 00197 Roma RM"
    },
    {
        "contact id": "5fa5ede008d7a080",
        "Family Name": "name Not found",
        "Given Name": "Marco Romoli medico famiglia (Falomi) | Infermiera Cetona (Cecilia) Selene",
        "Organiztion Name": "oraginazation Not found",
        "Mobile No.": "+390578713184",
        "Phone type": "home",
        "Notes": "Marco Romoli medico famiglia (Falomi) | Infermiera Cetona (Cecilia) Selene 328/ 12 48 703 - 0578/ 71 3 1 84",
        "Addess Type": "home",
        "Address street": "Via Martiri della Libert... 7 Cetona"
    },
    {
        "contact id": "5f366b79896c8785",
        "Family Name": "name Not found",
        "Given Name": "Accademia Nikolaus Cusanus Bressanone",
        "Organiztion Name": "oraginazation Not found",
        "Mobile No.": "+390472832204",
        "Phone type": "work",
        "Notes": "Accademia Nikolaus Cusanus Bressanone 0472/ 83 22 04",
        "Addess Type": "home",
        "Address street": "piazza Seminario 2, Bressanone"
    },
    {
        "contact id": "5dae6a4a8f34f516",
        "Family Name": "name Not found",
        "Given Name": "TNT Traco (Corriere)",
        "Organiztion Name": "oraginazation Not found",
        "Mobile No.": "+390577309300",
        "Phone type": "home",
        "Notes": "TNT Traco (Corriere) 803/ 868 - 0577/ 30 93 00 furgone 347/ 07 94 671 Lun-Ven 8.30 - 18 sab 8.30 - 12.30",
        "Addess Type": "home",
        "Address street": "Siena"
    },
    {
        "contact id": "5a94734e8b0f0ed0",
        "Family Name": "name Not found",
        "Given Name": "Ospedale Nottola | prog chirurgica",
        "Organiztion Name": "oraginazation Not found",
        "Mobile No.": "+390578713347",
        "Phone type": "work",
        "Notes": "Ospedale Nottola | prog chirurgica 0578/ 71 33 47",
        "Addess Type": "home",
        "Address street": "Nottola"
    },
    {
        "contact id": "5a0d886c8b4630ff",
        "Family Name": "name Not found",
        "Given Name": "Agenzia Delle Entrate | Citt... della Pieve CDP",
        "Organiztion Name": "oraginazation Not found",
        "Mobile No.": "+390578291400",
        "Phone type": "work",
        "Notes": "Agenzia Delle Entrate | Citt... della Pieve CDP 0578/ 291400",
        "Addess Type": "home",
        "Address street": "53045 Montepulciano (SI) - Via Voltaia Nel Corso, 53"
    },
    {
        "contact id": "57449e778c1409c1",
        "Family Name": "name Not found",
        "Given Name": "Tipografia Del Buono-Parboni Alessandra",
        "Organiztion Name": "oraginazation Not found",
        "Mobile No.": "+390578226887",
        "Phone type": "home",
        "Notes": "Tipografia Del Buono-Parboni Alessandra 0578/20459 - casa 22 68 87 - 328/ 21 15 471",
        "Addess Type": "home",
        "Address street": "53043 Chiusi (SI) - Via Monte Grappa, 12"
    },
    {
        "contact id": "56a9c52488d8c8e8",
        "Family Name": "name Not found",
        "Given Name": "Paoletti, studio legale | Arnaldo Casa- V. Delle Balze Di S. Lazzaro 9, 53045 Montepulciano SI",
        "Organiztion Name": "oraginazation Not found",
        "Mobile No.": "+393934464287",
        "Phone type": "home",
        "Notes": "Paoletti, studio legale | Arnaldo Casa- V. Delle Balze Di S. Lazzaro 9, 53045 Montepulciano SI 0578/ 71 6 1 59 -393/ 44 64 287",
        "Addess Type": "home",
        "Address street": "V. dell'opio nel corso 15, 53045 - Montepulciano (SI)"
    },
    {
        "contact id": "55b779780813d8aa",
        "Family Name": "name Not found",
        "Given Name": "ospedale Careggi | Libera professione",
        "Organiztion Name": "oraginazation Not found",
        "Mobile No.": "+390557945427",
        "Phone type": "home",
        "Notes": "ospedale Careggi | Libera professione 055/ 794 2000 inf.LbPro 055/ 794 5427",
        "Addess Type": "home",
        "Address street": "Careggi"
    },
    {
        "contact id": "5549dc6008248c8d",
        "Family Name": "name Not found",
        "Given Name": "Agenzia Delle Entrate | Servizio consulenza",
        "Organiztion Name": "oraginazation Not found",
        "Mobile No.": "+390696668907",
        "Phone type": "work",
        "Notes": "Agenzia Delle Entrate | Servizio consulenza 06/ 96 66 89 07",
        "Addess Type": "home",
        "Address street": "53045 Montepulciano (SI) - Via Voltaia Nel Corso, 53"
    },
    {
        "contact id": "54ade3020a2d09b4",
        "Family Name": "name Not found",
        "Given Name": "Ospedale Nottola | Cardiologia Appuntamenti???)",
        "Organiztion Name": "oraginazation Not found",
        "Mobile No.": "+390578713070",
        "Phone type": "work",
        "Notes": "Ospedale Nottola | Cardiologia Appuntamenti???) 0578/ 71 30 70",
        "Addess Type": "home",
        "Address street": "Nottola"
    },
    {
        "contact id": "5251fe410a09a3b0",
        "Family Name": "name Not found",
        "Given Name": "Wireshop",
        "Organiztion Name": "oraginazation Not found",
        "Mobile No.": "+390248467014",
        "Phone type": "home",
        "Notes": "Wireshop 02/92 95 83 50 fax 48467014",
        "Addess Type": "home",
        "Address street": "Milano"
    },
    {
        "contact id": "510b8dff0dc1d6a9",
        "Family Name": "name Not found",
        "Given Name": "Unicredit Banca Chiusi | Fabrizio Cherubini",
        "Organiztion Name": "oraginazation Not found",
        "Mobile No.": "+393487656200",
        "Phone type": "home",
        "Notes": "Unicredit Banca Chiusi | Fabrizio Cherubini 335/ 176 97 29 WP348/ 765 62 00",
        "Addess Type": "home",
        "Address street": "Piazza Giacomo Matteotti, 7, 53043 Chiusi Scalo"
    },
    {
        "contact id": "4feb47220934ea4c",
        "Family Name": "name Not found",
        "Given Name": "Ospedale Nottola | Cardioloogia Ambulatorio",
        "Organiztion Name": "oraginazation Not found",
        "Mobile No.": "+390578713393",
        "Phone type": "work",
        "Notes": "Ospedale Nottola | Cardioloogia Ambulatorio 0578/ 71 33 93",
        "Addess Type": "home",
        "Address street": "Nottola"
    },
    {
        "contact id": "4c8a0f478c0ba15d",
        "Family Name": "name Not found",
        "Given Name": "Villaggio Marco Polo (Sarag•) | Daniela",
        "Organiztion Name": "oraginazation Not found",
        "Mobile No.": "+393886910429",
        "Phone type": "work",
        "Notes": "Villaggio Marco Polo (Sarag•) | Daniela 388/ 69 10 429",
        "Addess Type": "home",
        "Address street": "Baia di Riaci S. Domenica di Ricadi"
    },
    {
        "contact id": "4ad056410fa470bb",
        "Family Name": "name Not found",
        "Given Name": "Agenzia Delle Entrate | AR -imp reg De Matteo Valentino",
        "Organiztion Name": "oraginazation Not found",
        "Mobile No.": "+390575917614",
        "Phone type": "work",
        "Notes": "Agenzia Delle Entrate | AR -imp reg De Matteo Valentino 0575/91 76 14",
        "Addess Type": "home",
        "Address street": "53045 Montepulciano (SI) - Via Voltaia Nel Corso, 53"
    },
    {
        "contact id": "4a4239c10ba6ab78",
        "Family Name": "name Not found",
        "Given Name": "Vincenzo Hotel Lombardi cost.inc",
        "Organiztion Name": "oraginazation Not found",
        "Mobile No.": "+393476608711",
        "Phone type": "work",
        "Notes": "Vincenzo Hotel Lombardi cost.inc 347/ 66 08 711",
        "Addess Type": "home",
        "Address street": "Via Fuime, 8 50123 Firenze"
    },
    {
        "contact id": "4642707a8cdfadab",
        "Family Name": "name Not found",
        "Given Name": "Agenzia Delle Entrate | AR",
        "Organiztion Name": "oraginazation Not found",
        "Mobile No.": "+39057591741",
        "Phone type": "work",
        "Notes": "Agenzia Delle Entrate | AR 0575/91741 9-17LV 9-13S",
        "Addess Type": "home",
        "Address street": "53045 Montepulciano (SI) - Via Voltaia Nel Corso, 53"
    },
    {
        "contact id": "45210c860fbdd11c",
        "Family Name": "name Not found",
        "Given Name": "Villaggio Marco Polo (Sarag•) | Privato",
        "Organiztion Name": "oraginazation Not found",
        "Mobile No.": "number Not found",
        "Phone type": "work",
        "Notes": "Villaggio Marco Polo (Sarag•) | Privato .054",
        "Addess Type": "home",
        "Address street": "Baia di Riaci S. Domenica di Ricadi"
    },
    {
        "contact id": "44a11733087b4489",
        "Family Name": "name Not found",
        "Given Name": "Marco Romoli medico famiglia (Falomi) | Infermiera Sarteano (NON ATTIVA)",
        "Organiztion Name": "oraginazation Not found",
        "Mobile No.": "+390578335030",
        "Phone type": "work",
        "Notes": "Marco Romoli medico famiglia (Falomi) | Infermiera Sarteano (NON ATTIVA) 0578/ 33 50 30",
        "Addess Type": "home",
        "Address street": "Via Martiri della Libert... 7 Cetona"
    },
    {
        "contact id": "44897bdc8fd9f613",
        "Family Name": "name Not found",
        "Given Name": "Villaggio Marco Polo (Sarag•)",
        "Organiztion Name": "oraginazation Not found",
        "Mobile No.": "+390963669659",
        "Phone type": "home",
        "Notes": "Villaggio Marco Polo (Sarag•) 0963/ 669 054 - 669 659 fax 669 570",
        "Addess Type": "home",
        "Address street": "Baia di Riaci S. Domenica di Ricadi"
    },
    {
        "contact id": "4400a3898ab9afae",
        "Family Name": "name Not found",
        "Given Name": "Ortofrutta Vanessa Mazzetti La Dogana",
        "Organiztion Name": "oraginazation Not found",
        "Mobile No.": "+393488273737",
        "Phone type": "work",
        "Notes": "Ortofrutta Vanessa Mazzetti La Dogana 348/ 82 73 73 7",
        "Addess Type": "home",
        "Address street": "SP 236 est 190 Acquaviva"
    },
    {
        "contact id": "42b321530d0b33cb",
        "Family Name": "name Not found",
        "Given Name": "Agenzia immobiliare Marcellini",
        "Organiztion Name": "oraginazation Not found",
        "Mobile No.": "+390575734008",
        "Phone type": "work",
        "Notes": "Agenzia immobiliare Marcellini 0575/ 73 4008",
        "Addess Type": "home",
        "Address street": "Via XX Settembre, 99 - 52037 Sansepolcro (Arezzo)"
    },
    {
        "contact id": "410d07f20d64fa59",
        "Family Name": "name Not found",
        "Given Name": "TELECOM | Uff amminisrtativo per verificare offerte (Chiara)",
        "Organiztion Name": "oraginazation Not found",
        "Mobile No.": "number Not found",
        "Phone type": "work",
        "Notes": "TELECOM | Uff amminisrtativo per verificare offerte (Chiara) 191",
        "Addess Type": "home",
        "Address street": "V. Servizi: Assistenze"
    },
    {
        "contact id": "40cd03290f1c79f5",
        "Family Name": "name Not found",
        "Given Name": "Agenzia Delle Entrate | AR -imp reg *Donati Patrizia",
        "Organiztion Name": "oraginazation Not found",
        "Mobile No.": "+390575917613",
        "Phone type": "work",
        "Notes": "Agenzia Delle Entrate | AR -imp reg *Donati Patrizia 0575/91 76 13",
        "Addess Type": "home",
        "Address street": "53045 Montepulciano (SI) - Via Voltaia Nel Corso, 53"
    },
    {
        "contact id": "4000ebd38c07a5eb",
        "Family Name": "name Not found",
        "Given Name": "Ospedale san camillo forlanini | Nassimini",
        "Organiztion Name": "oraginazation Not found",
        "Mobile No.": "+390658702574",
        "Phone type": "work",
        "Notes": "Ospedale san camillo forlanini | Nassimini 06/ 58 70 25 74",
        "Addess Type": "home",
        "Address street": "Piazza Carlo Forlanini 1, 00151 Roma"
    },
    {
        "contact id": "3f0bd9a20f3423bf",
        "Family Name": "name Not found",
        "Given Name": "Alessandro Pulito -Impresa edile",
        "Organiztion Name": "oraginazation Not found",
        "Mobile No.": "+393357240144",
        "Phone type": "work",
        "Notes": "Alessandro Pulito -Impresa edile 335/ 724 0144",
        "Addess Type": "home",
        "Address street": "Via Gino Bombagli, 9, 06062 Citt... della Pieve PG"
    },
    {
        "contact id": "3e7f00b60eeea243",
        "Family Name": "name Not found",
        "Given Name": "Ospedale san camillo forlanini | Antonio Avallone",
        "Organiztion Name": "oraginazation Not found",
        "Mobile No.": "+393451818862",
        "Phone type": "work",
        "Notes": "Ospedale san camillo forlanini | Antonio Avallone 345/18 18 862",
        "Addess Type": "home",
        "Address street": "Piazza Carlo Forlanini 1, 00151 Roma"
    },
    {
        "contact id": "3b8b4033088b1238",
        "Family Name": "name Not found",
        "Given Name": "OTI -Officina Terapie Innovative (Omeo Tossicologici Italia) | Manuela Flamini (contab.)",
        "Organiztion Name": "oraginazation Not found",
        "Mobile No.": "+390863993826",
        "Phone type": "work",
        "Notes": "OTI -Officina Terapie Innovative (Omeo Tossicologici Italia) | Manuela Flamini (contab.) 0863/ 99 38 26",
        "Addess Type": "home",
        "Address street": "S.S. Tiburtina Valeria Km 69.300 67061 Carsoli (AQ)"
    },
    {
        "contact id": "39397f43880fbfac",
        "Family Name": "name Not found",
        "Given Name": "ospedale Careggi | Chirurgia?",
        "Organiztion Name": "oraginazation Not found",
        "Mobile No.": "+390557946807",
        "Phone type": "work",
        "Notes": "ospedale Careggi | Chirurgia? 055/ 794 6807",
        "Addess Type": "home",
        "Address street": "Careggi"
    },
    {
        "contact id": "390e060b0867f833",
        "Family Name": "name Not found",
        "Given Name": "Marco Martiniello - Pizzeria - pizza - Pulcinella",
        "Organiztion Name": "oraginazation Not found",
        "Mobile No.": "+393342924593",
        "Phone type": "work",
        "Notes": "Marco Martiniello - Pizzeria - pizza - Pulcinella 334/ 29 24 593",
        "Addess Type": "home",
        "Address street": "Sanseplocro"
    },
    {
        "contact id": "36dc7979884cb81b",
        "Family Name": "name Not found",
        "Given Name": "TELECOM | Veriifica preselezione",
        "Organiztion Name": "oraginazation Not found",
        "Mobile No.": "+39800254232",
        "Phone type": "work",
        "Notes": "TELECOM | Veriifica preselezione 800/ 254 232",
        "Addess Type": "home",
        "Address street": "V. Servizi: Assistenze"
    },
    {
        "contact id": "363ccbb789f8a5d2",
        "Family Name": "name Not found",
        "Given Name": "Tecniche Nuove",
        "Organiztion Name": "oraginazation Not found",
        "Mobile No.": "+39027570252",
        "Phone type": "home",
        "Notes": "Tecniche Nuove 02/ 75 70 25. 1 - .2 - 75 701",
        "Addess Type": "home",
        "Address street": "V. C. Menotti 14, 20129 Milano"
    },
    {
        "contact id": "2eb605a28c021dd5",
        "Family Name": "name Not found",
        "Given Name": "TELECOM | Castrini Sterfano (Cetona)",
        "Organiztion Name": "oraginazation Not found",
        "Mobile No.": "+393357690783",
        "Phone type": "home",
        "Notes": "TELECOM | Castrini Sterfano (Cetona) 0578/ 23 85 54 - 335/ 76 90 783",
        "Addess Type": "home",
        "Address street": "V. Servizi: Assistenze"
    },
    {
        "contact id": "2ea515de0d98fe07",
        "Family Name": "name Not found",
        "Given Name": "Ostello Per La Gioventu'",
        "Organiztion Name": "oraginazation Not found",
        "Mobile No.": "+390578237931",
        "Phone type": "work",
        "Notes": "Ostello Per La Gioventu' 0578/ 23 79 31",
        "Addess Type": "home",
        "Address street": "53040 Cetona (SI) - Via San Sebastiano, 18"
    },
    {
        "contact id": "2e871e550d1d9b9b",
        "Family Name": "name Not found",
        "Given Name": "Ospedale Nottola | Cardiologia - Ruocco Gaetano",
        "Organiztion Name": "oraginazation Not found",
        "Mobile No.": "+390578713006",
        "Phone type": "work",
        "Notes": "Ospedale Nottola | Cardiologia - Ruocco Gaetano 0578/ 71 3006",
        "Addess Type": "home",
        "Address street": "Nottola"
    },
    {
        "contact id": "2d7c8423898b6b2a",
        "Family Name": "name Not found",
        "Given Name": "ospedale Careggi | Voltolini",
        "Organiztion Name": "oraginazation Not found",
        "Mobile No.": "+393356466231",
        "Phone type": "work",
        "Notes": "ospedale Careggi | Voltolini 335/ 64 66 231",
        "Addess Type": "home",
        "Address street": "Careggi"
    },
    {
        "contact id": "2d4a4cc68b415db7",
        "Family Name": "name Not found",
        "Given Name": "Agenzia Viaggi Trestelle",
        "Organiztion Name": "oraginazation Not found",
        "Mobile No.": "+39057820870",
        "Phone type": "work",
        "Notes": "Agenzia Viaggi Trestelle 0578/20 870",
        "Addess Type": "home",
        "Address street": "P. Garibaldi, 14 -53043 Chiusi (SI)"
    },
    {
        "contact id": "2bca668989855122",
        "Family Name": "name Not found",
        "Given Name": "TELECOM",
        "Organiztion Name": "oraginazation Not found",
        "Mobile No.": "number Not found",
        "Phone type": "home",
        "Notes": "TELECOM 191 - 334/ 4191",
        "Addess Type": "home",
        "Address street": "V. Servizi: Assistenze"
    },
    {
        "contact id": "2a8349d08b3789cb",
        "Family Name": "name Not found",
        "Given Name": "ospedale Careggi | Gastroenterologia pad 4 - 16C S. Luca",
        "Organiztion Name": "oraginazation Not found",
        "Mobile No.": "+390557946104",
        "Phone type": "work",
        "Notes": "ospedale Careggi | Gastroenterologia pad 4 - 16C S. Luca 055/ 79 46 104",
        "Addess Type": "home",
        "Address street": "Careggi"
    },
    {
        "contact id": "298ed3748e24d858",
        "Family Name": "name Not found",
        "Given Name": "Agenzia immobiliare Marcellini | Car•la",
        "Organiztion Name": "oraginazation Not found",
        "Mobile No.": "+393311233521",
        "Phone type": "work",
        "Notes": "Agenzia immobiliare Marcellini | Car•la 331/ 12 33 521",
        "Addess Type": "home",
        "Address street": "Via XX Settembre, 99 - 52037 Sansepolcro (Arezzo)"
    },
    {
        "contact id": "24b4cba389b5db9d",
        "Family Name": "name Not found",
        "Given Name": "Terme San Casciano Bagni spa - fonteverde SCB | Fax",
        "Organiztion Name": "oraginazation Not found",
        "Mobile No.": "+39057858013",
        "Phone type": "work",
        "Notes": "Terme San Casciano Bagni spa - fonteverde SCB | Fax 0578/ 58 013",
        "Addess Type": "home",
        "Address street": "Localit... Terme 1 San Casciano dei Bagni (Si)"
    },
    {
        "contact id": "23e8be798a2d39ba",
        "Family Name": "name Not found",
        "Given Name": "Agenzia Delle Entrate",
        "Organiztion Name": "oraginazation Not found",
        "Mobile No.": "+390577547111",
        "Phone type": "work",
        "Notes": "Agenzia Delle Entrate 0577/ 54 71 11 9-17LV 9-13S",
        "Addess Type": "home",
        "Address street": "53045 Montepulciano (SI) - Via Voltaia Nel Corso, 53"
    },
    {
        "contact id": "23b3360b0e31462f",
        "Family Name": "name Not found",
        "Given Name": "Allianz asssicurazione - Paolo Sacchi",
        "Organiztion Name": "oraginazation Not found",
        "Mobile No.": "+393294203517",
        "Phone type": "home",
        "Notes": "Allianz asssicurazione - Paolo Sacchi 0578/ 22 62 92 - 329/ 420 35 17",
        "Addess Type": "home",
        "Address street": "Via Goffredo Mameli, 94, 53043 Chiusi Scalo SI"
    },
    {
        "contact id": "21ad72280d28c324",
        "Family Name": "name Not found",
        "Given Name": "Agenzia Delle Entrate | SS (collega) reg Seoli",
        "Organiztion Name": "oraginazation Not found",
        "Mobile No.": "+390575917436",
        "Phone type": "work",
        "Notes": "Agenzia Delle Entrate | SS (collega) reg Seoli 0575/ 917 436",
        "Addess Type": "home",
        "Address street": "53045 Montepulciano (SI) - Via Voltaia Nel Corso, 53"
    },
    {
        "contact id": "1fde30940ac7d056",
        "Family Name": "name Not found",
        "Given Name": "P. Ferrini (Esorc.) Casa Soggiorno Per Anziani 'francesco E Chiara' Casa Protetta",
        "Organiztion Name": "oraginazation Not found",
        "Mobile No.": "+393201810666",
        "Phone type": "home",
        "Notes": "P. Ferrini (Esorc.) Casa Soggiorno Per Anziani 'francesco E Chiara' Casa Protetta 0536/ 20 635 - 320/181 06 66",
        "Addess Type": "home",
        "Address street": "41026 Pavullo Nel Frignano (MO) - Via S.francesco, 4 (V.le Rainaudo)"
    },
    {
        "contact id": "1fb8920c89a878ad",
        "Family Name": "name Not found",
        "Given Name": "Ospedale Nottola | Accoglienza",
        "Organiztion Name": "oraginazation Not found",
        "Mobile No.": "+390578713201",
        "Phone type": "work",
        "Notes": "Ospedale Nottola | Accoglienza 0578/ 71 32 01",
        "Addess Type": "home",
        "Address street": "Nottola"
    },
    {
        "contact id": "1f70486c89e43bb5",
        "Family Name": "name Not found",
        "Given Name": "Techogym, palestra ciclette - cod cli C56975 | Training *Orietta - Laura",
        "Organiztion Name": "oraginazation Not found",
        "Mobile No.": "+39800397397",
        "Phone type": "work",
        "Notes": "Techogym, palestra ciclette - cod cli C56975 | Training *Orietta - Laura 800 397 397",
        "Addess Type": "home",
        "Address street": "v. g. perticari 20 - 47035 gambettola (FC)"
    },
    {
        "contact id": "1f4936a20c43038b",
        "Family Name": "name Not found",
        "Given Name": "TELECOM | Tecnico - cellulare",
        "Organiztion Name": "oraginazation Not found",
        "Mobile No.": "+393457357442",
        "Phone type": "work",
        "Notes": "TELECOM | Tecnico - cellulare 345/ 73 57 442",
        "Addess Type": "home",
        "Address street": "V. Servizi: Assistenze"
    },
    {
        "contact id": "1eb892d98b6d0861",
        "Family Name": "name Not found",
        "Given Name": "Ugo Pansolli - avvocato | Francesca Andreuzzi",
        "Organiztion Name": "oraginazation Not found",
        "Mobile No.": "+393292669855",
        "Phone type": "home",
        "Notes": "Ugo Pansolli - avvocato | Francesca Andreuzzi 0578/ 190 20 73 - 329/ 266 98 55",
        "Addess Type": "home",
        "Address street": "V.S. Firenze - Roma"
    },
    {
        "contact id": "1e2e7e470f644111",
        "Family Name": "name Not found",
        "Given Name": "Paoletti, studio legale | Aldo Casa - V. Bernabei 31, 53045 Montepulciano SI",
        "Organiztion Name": "oraginazation Not found",
        "Mobile No.": "+390578716704",
        "Phone type": "work",
        "Notes": "Paoletti, studio legale | Aldo Casa - V. Bernabei 31, 53045 Montepulciano SI 0578/ 71 67 04",
        "Addess Type": "home",
        "Address street": "V. dell'opio nel corso 15, 53045 - Montepulciano (SI)"
    },
    {
        "contact id": "1e0429740d0d5963",
        "Family Name": "name Not found",
        "Given Name": "Villaggio Marco Polo (Sarag•) | Portineria",
        "Organiztion Name": "oraginazation Not found",
        "Mobile No.": "number Not found",
        "Phone type": "work",
        "Notes": "Villaggio Marco Polo (Sarag•) | Portineria .121",
        "Addess Type": "home",
        "Address street": "Baia di Riaci S. Domenica di Ricadi"
    },
    {
        "contact id": "1bc7475f0e99a98b",
        "Family Name": "name Not found",
        "Given Name": "Agenzia Pampampugia Viaggi (maria grazia)",
        "Organiztion Name": "oraginazation Not found",
        "Mobile No.": "+390577622464",
        "Phone type": "home",
        "Notes": "Agenzia Pampampugia Viaggi (maria grazia) 0577/ 62 43 48 - 622464 cell 348/ 6634632",
        "Addess Type": "home",
        "Address street": "53048 Sinalunga (SI) - Via Gramsci, 27"
    },
    {
        "contact id": "16db425e0fbc76b2",
        "Family Name": "name Not found",
        "Given Name": "Un mondo leggero - la sana gola. Corsi e libri",
        "Organiztion Name": "oraginazation Not found",
        "Mobile No.": "+390220422822",
        "Phone type": "home",
        "Notes": "Un mondo leggero - la sana gola. Corsi e libri 02/ 29 41 93 32- fax 20 42 28 22",
        "Addess Type": "home",
        "Address street": "Via Pecchio al n 20 (P.zza Aspromonte zona Loreto)"
    },
    {
        "contact id": "13583bcf0b47099c",
        "Family Name": "name Not found",
        "Given Name": "Scuola di agopuntura tradizionale della citt... di Firenze",
        "Organiztion Name": "oraginazation Not found",
        "Mobile No.": "+39055704172",
        "Phone type": "work",
        "Notes": "Scuola di agopuntura tradizionale della citt... di Firenze 055/ 70 41 72",
        "Addess Type": "home",
        "Address street": "50143 Firenze (FI) - V. SOFFIANO 20"
    },
    {
        "contact id": "11f0d4928d11a8ef",
        "Family Name": "name Not found",
        "Given Name": "Marco Romoli medico famiglia (Falomi) | Infermiera Piazze",
        "Organiztion Name": "oraginazation Not found",
        "Mobile No.": "+390578245053",
        "Phone type": "work",
        "Notes": "Marco Romoli medico famiglia (Falomi) | Infermiera Piazze 0578/ 24 50 53",
        "Addess Type": "home",
        "Address street": "Via Martiri della Libert... 7 Cetona"
    },
    {
        "contact id": "f2e47cb8f109123",
        "Family Name": "name Not found",
        "Given Name": "Agenzia Delle Entrate | SS reg Nadia Seoli",
        "Organiztion Name": "oraginazation Not found",
        "Mobile No.": "+390575917435",
        "Phone type": "work",
        "Notes": "Agenzia Delle Entrate | SS reg Nadia Seoli 0575/ 91 74 35",
        "Addess Type": "home",
        "Address street": "53045 Montepulciano (SI) - Via Voltaia Nel Corso, 53"
    },
    {
        "contact id": "e81ebcc8c13c54a",
        "Family Name": "name Not found",
        "Given Name": "Techogym, palestra ciclette - cod cli C56975",
        "Organiztion Name": "oraginazation Not found",
        "Mobile No.": "+390547650505",
        "Phone type": "home",
        "Notes": "Techogym, palestra ciclette - cod cli C56975 0547/ 56047 fax 65 05 05 -",
        "Addess Type": "home",
        "Address street": "v. g. perticari 20 - 47035 gambettola (FC)"
    },
    {
        "contact id": "dc5071889013073",
        "Family Name": "name Not found",
        "Given Name": "Ortofrutta Umbia",
        "Organiztion Name": "oraginazation Not found",
        "Mobile No.": "+393315348745",
        "Phone type": "home",
        "Notes": "Ortofrutta Umbia 333/ 40 62 379 giovane 331/ 534 87 45",
        "Addess Type": "home",
        "Address street": "strada per Castiglion del lago"
    },
    {
        "contact id": "d01eb3e8f4239d1",
        "Family Name": "name Not found",
        "Given Name": "Terme Di Saturnia S.R.L",
        "Organiztion Name": "oraginazation Not found",
        "Mobile No.": "+390564600111",
        "Phone type": "work",
        "Notes": "Terme Di Saturnia S.R.L 0564/ 60 01 11",
        "Addess Type": "home",
        "Address street": "58014 Saturnia (GR) - Via Delle Terme, 1"
    },
    {
        "contact id": "b274bea8b0fa123",
        "Family Name": "name Not found",
        "Given Name": "Terme San Casciano Bagni spa - fonteverde SCB",
        "Organiztion Name": "oraginazation Not found",
        "Mobile No.": "+39057857241",
        "Phone type": "work",
        "Notes": "Terme San Casciano Bagni spa - fonteverde SCB 0578/ 57 241",
        "Addess Type": "home",
        "Address street": "Localit... Terme 1 San Casciano dei Bagni (Si)"
    },
    {
        "contact id": "a0137e489de2609",
        "Family Name": "name Not found",
        "Given Name": "Ospedale Nottola",
        "Organiztion Name": "oraginazation Not found",
        "Mobile No.": "+390578713697",
        "Phone type": "home",
        "Notes": "Ospedale Nottola 0578/ 71 31 11 - 71 36 97 - 71 36 99",
        "Addess Type": "home",
        "Address street": "Nottola"
    },
    {
        "contact id": "858cd3b8c61314f",
        "Family Name": "name Not found",
        "Given Name": "Agivi Motors - Meccanico",
        "Organiztion Name": "oraginazation Not found",
        "Mobile No.": "+393388841204",
        "Phone type": "home",
        "Notes": "Agivi Motors - Meccanico 0578/ 20 591 - Emanuele 338/ 88 41 204 Gianni 348/ 81 23 992",
        "Addess Type": "home",
        "Address street": "Localit... Cardete 18/20 Po' Bandino- Citt... della pieve"
    },
    {
        "contact id": "8038aba0cfdfe3c",
        "Family Name": "name Not found",
        "Given Name": "TIPOLITOGRAFIA LA GENTE",
        "Organiztion Name": "oraginazation Not found",
        "Mobile No.": "+39057820248",
        "Phone type": "work",
        "Notes": "TIPOLITOGRAFIA LA GENTE 0578/20 248",
        "Addess Type": "home",
        "Address street": "3043 Chiusi (SI) - V. DELLA PIETRICCIA 59"
    },
    {
        "contact id": "5a053b00e4948f4",
        "Family Name": "name Not found",
        "Given Name": "Alber's - Albers srl sig Herbert /Pieter- Calzini Comodo",
        "Organiztion Name": "oraginazation Not found",
        "Mobile No.": "+393393022231",
        "Phone type": "home",
        "Notes": "Alber's - Albers srl sig Herbert /Pieter- Calzini Comodo 0473/ 49 88 00 rappr. Catasti Roberto 339/ 30 22 231",
        "Addess Type": "home",
        "Address street": "Bolzano"
    },
    {
        "contact id": "18c6f7489b6c14f",
        "Family Name": "name Not found",
        "Given Name": "Paoletti, studio legale",
        "Organiztion Name": "oraginazation Not found",
        "Mobile No.": "+390578757415",
        "Phone type": "home",
        "Notes": "Paoletti, studio legale 0578/7574 .12 .15 fax 75 85 15 cell 348/ 740 840 5",
        "Addess Type": "home",
        "Address street": "V. dell'opio nel corso 15, 53045 - Montepulciano (SI)"
    },
    {
        "contact id": "7e652a690dbae884",
        "Family Name": "name Not found",
        "Given Name": "P. IVA | Associazione",
        "Organiztion Name": "oraginazation Not found",
        "Mobile No.": "number Not found",
        "Phone type": "work",
        "Notes": "P. IVA | Associazione 90015160528",
        "Addess Type": "address type Not found",
        "Address street": "address Not found"
    },
    {
        "contact id": "7c8bfba20bcb72de",
        "Family Name": "name Not found",
        "Given Name": "TIM privati",
        "Organiztion Name": "oraginazation Not found",
        "Mobile No.": "+39800500500",
        "Phone type": "home",
        "Notes": "TIM privati 119 -800/ 500 500 - 339/ 9119 119- 339/ 91 19",
        "Addess Type": "address type Not found",
        "Address street": "address Not found"
    },
    {
        "contact id": "7c21acc088aec849",
        "Family Name": "name Not found",
        "Given Name": "Ospedale Cattolica - Ordopedia spalla",
        "Organiztion Name": "oraginazation Not found",
        "Mobile No.": "+390541966390",
        "Phone type": "work",
        "Notes": "Ospedale Cattolica - Ordopedia spalla 0541/ 96 63 90",
        "Addess Type": "address type Not found",
        "Address street": "address Not found"
    },
    {
        "contact id": "7b33d57e88f1af44",
        "Family Name": "name Not found",
        "Given Name": "Telepass assistenza | anche Pay X",
        "Organiztion Name": "oraginazation Not found",
        "Mobile No.": "+39800045045",
        "Phone type": "work",
        "Notes": "Telepass assistenza | anche Pay X 800/ 045 045 Luned� al Venerdi, dalle 8.00 alle 20.00, e il Sabato, dalle 8.00 alle 17.00",
        "Addess Type": "address type Not found",
        "Address street": "address Not found"
    },
    {
        "contact id": "784ddb640f52a139",
        "Family Name": "name Not found",
        "Given Name": "Alessandro Picciafuochi Corso producer",
        "Organiztion Name": "oraginazation Not found",
        "Mobile No.": "+393334071761",
        "Phone type": "work",
        "Notes": "Alessandro Picciafuochi Corso producer [333/ 40 71 761",
        "Addess Type": "address type Not found",
        "Address street": "address Not found"
    },
    {
        "contact id": "747da30e0beb5b21",
        "Family Name": "name Not found",
        "Given Name": "P. IVA | LPS",
        "Organiztion Name": "oraginazation Not found",
        "Mobile No.": "number Not found",
        "Phone type": "work",
        "Notes": "P. IVA | LPS 00970120507",
        "Addess Type": "address type Not found",
        "Address street": "address Not found"
    },
    {
        "contact id": "72d2a32e0d89ce1c",
        "Family Name": "name Not found",
        "Given Name": "Yashi Italia assistenza",
        "Organiztion Name": "oraginazation Not found",
        "Mobile No.": "+390456766909",
        "Phone type": "work",
        "Notes": "Yashi Italia assistenza 045/ 676 6909",
        "Addess Type": "address type Not found",
        "Address street": "address Not found"
    },
    {
        "contact id": "6fa49bd38d9c2ff2",
        "Family Name": "name Not found",
        "Given Name": "P. IVA | Circolo",
        "Organiztion Name": "oraginazation Not found",
        "Mobile No.": "number Not found",
        "Phone type": "work",
        "Notes": "P. IVA | Circolo 90015160527",
        "Addess Type": "address type Not found",
        "Address street": "address Not found"
    },
    {
        "contact id": "6b95366e8bb9b464",
        "Family Name": "name Not found",
        "Given Name": "P. IVA | Global Solutions Industry",
        "Organiztion Name": "oraginazation Not found",
        "Mobile No.": "number Not found",
        "Phone type": "work",
        "Notes": "P. IVA | Global Solutions Industry 00657670501",
        "Addess Type": "address type Not found",
        "Address street": "address Not found"
    },
    {
        "contact id": "66e6fba50ca04693",
        "Family Name": "name Not found",
        "Given Name": "Telepass assistenza",
        "Organiztion Name": "oraginazation Not found",
        "Mobile No.": "+39800269269",
        "Phone type": "home",
        "Notes": "Telepass assistenza 069/ 71 66 630 - 800/ 269 269 Luned� al Venerdi, dalle 8.00 alle 20.00, e il Sabato, dalle 8.00 alle 17.00",
        "Addess Type": "address type Not found",
        "Address street": "address Not found"
    },
    {
        "contact id": "5f2482da8c04b651",
        "Family Name": "name Not found",
        "Given Name": "Ambulatorio Cardio (non chiamabile)",
        "Organiztion Name": "oraginazation Not found",
        "Mobile No.": "+390577536",
        "Phone type": "work",
        "Notes": "Ambulatorio Cardio (non chiamabile) 0577/ 536",
        "Addess Type": "address type Not found",
        "Address street": "address Not found"
    },
    {
        "contact id": "556964d50d419b73",
        "Family Name": "name Not found",
        "Given Name": "TIM business",
        "Organiztion Name": "oraginazation Not found",
        "Mobile No.": "number Not found",
        "Phone type": "home",
        "Notes": "TIM business 800/ 846 900 - +39 334 /4 191",
        "Addess Type": "address type Not found",
        "Address street": "address Not found"
    },
    {
        "contact id": "54a94a7f0ef6415f",
        "Family Name": "name Not found",
        "Given Name": "Telecom assistenza (A Firenze Annamaria)",
        "Organiztion Name": "oraginazation Not found",
        "Mobile No.": "number Not found",
        "Phone type": "home",
        "Notes": "Telecom assistenza (A Firenze Annamaria) 191 - poi 3",
        "Addess Type": "address type Not found",
        "Address street": "address Not found"
    },
    {
        "contact id": "5236d21f0c99e828",
        "Family Name": "name Not found",
        "Given Name": "Alessia (neg. Marco Giuliacci)",
        "Organiztion Name": "oraginazation Not found",
        "Mobile No.": "+393496731224",
        "Phone type": "work",
        "Notes": "Alessia (neg. Marco Giuliacci) 349/ 673 1224",
        "Addess Type": "address type Not found",
        "Address street": "address Not found"
    },
    {
        "contact id": "500b02980da075d1",
        "Family Name": "name Not found",
        "Given Name": "USL / ASL Cetona",
        "Organiztion Name": "oraginazation Not found",
        "Mobile No.": "+390578238053",
        "Phone type": "work",
        "Notes": "USL / ASL Cetona 0578/ 23 80 53",
        "Addess Type": "address type Not found",
        "Address street": "address Not found"
    },
    {
        "contact id": "4eb82fa10c5751be",
        "Family Name": "name Not found",
        "Given Name": "Tipografia Madonna Della Querce (Roberto)",
        "Organiztion Name": "oraginazation Not found",
        "Mobile No.": "+390578757256",
        "Phone type": "work",
        "Notes": "Tipografia Madonna Della Querce (Roberto) 0578/ 757256",
        "Addess Type": "address type Not found",
        "Address street": "address Not found"
    },
    {
        "contact id": "4d07ff3a0e332eb8",
        "Family Name": "name Not found",
        "Given Name": "ACI Automobil Club Chuisi",
        "Organiztion Name": "oraginazation Not found",
        "Mobile No.": "+390578227461",
        "Phone type": "work",
        "Notes": "ACI Automobil Club Chuisi 0578/ 227461",
        "Addess Type": "address type Not found",
        "Address street": "address Not found"
    },
    {
        "contact id": "4a1c04d4883ab4fe",
        "Family Name": "name Not found",
        "Given Name": "Ostello Verona",
        "Organiztion Name": "oraginazation Not found",
        "Mobile No.": "+39045590360",
        "Phone type": "work",
        "Notes": "Ostello Verona 045/ 59 03 60",
        "Addess Type": "address type Not found",
        "Address street": "address Not found"
    },
    {
        "contact id": "44a20cf20fa8f2f1",
        "Family Name": "name Not found",
        "Given Name": "P. IVA | Stefano",
        "Organiztion Name": "oraginazation Not found",
        "Mobile No.": "+3901083600526",
        "Phone type": "work",
        "Notes": "P. IVA | Stefano 01083600526",
        "Addess Type": "address type Not found",
        "Address street": "address Not found"
    },
    {
        "contact id": "4193ab5d8a06fe58",
        "Family Name": "name Not found",
        "Given Name": "Alessandra B cand. Commessa",
        "Organiztion Name": "oraginazation Not found",
        "Mobile No.": "+393492504261",
        "Phone type": "work",
        "Notes": "Alessandra B cand. Commessa 349/ 250 4261",
        "Addess Type": "address type Not found",
        "Address street": "address Not found"
    },
    {
        "contact id": "3aee60d80a757060",
        "Family Name": "name Not found",
        "Given Name": "Yale, assistenza",
        "Organiztion Name": "oraginazation Not found",
        "Mobile No.": "+39800992229",
        "Phone type": "work",
        "Notes": "Yale, assistenza 800/ 99 22 29",
        "Addess Type": "address type Not found",
        "Address street": "address Not found"
    },
    {
        "contact id": "3724d35e0aceab85",
        "Family Name": "name Not found",
        "Given Name": "Alessandro Iiadanza cardiologo",
        "Organiztion Name": "oraginazation Not found",
        "Mobile No.": "+390577051849",
        "Phone type": "home",
        "Notes": "Alessandro Iiadanza cardiologo 335/ 834 7684 - 0577/ 051849",
        "Addess Type": "address type Not found",
        "Address street": "address Not found"
    },
    {
        "contact id": "368c74bb8dee8077",
        "Family Name": "name Not found",
        "Given Name": "Ospedale S.Donato Arezzo | CUP libera professione",
        "Organiztion Name": "oraginazation Not found",
        "Mobile No.": "+39800575575",
        "Phone type": "work",
        "Notes": "Ospedale S.Donato Arezzo | CUP libera professione 800/ 575 575",
        "Addess Type": "address type Not found",
        "Address street": "address Not found"
    },
    {
        "contact id": "328f7a678d53b3bf",
        "Family Name": "name Not found",
        "Given Name": "Ospedale S.Donato Arezzo | Chirurgia De Prizio Marco",
        "Organiztion Name": "oraginazation Not found",
        "Mobile No.": "+393358008326",
        "Phone type": "home",
        "Notes": "Ospedale S.Donato Arezzo | Chirurgia De Prizio Marco 0575/ 25 54 51 - 335/800 83 26",
        "Addess Type": "address type Not found",
        "Address street": "address Not found"
    },
    {
        "contact id": "2502422108ce7248",
        "Family Name": "name Not found",
        "Given Name": "Targhe automobili",
        "Organiztion Name": "oraginazation Not found",
        "Mobile No.": "number Not found",
        "Phone type": "work",
        "Notes": "Targhe automobili PI546956 / AK071VW",
        "Addess Type": "address type Not found",
        "Address street": "address Not found"
    },
    {
        "contact id": "22e5af610a68f5ba",
        "Family Name": "name Not found",
        "Given Name": "Ospedale S.Donato Arezzo",
        "Organiztion Name": "oraginazation Not found",
        "Mobile No.": "+3905752551",
        "Phone type": "home",
        "Notes": "Ospedale S.Donato Arezzo 0575/ 25 40 00 - 0575/ 25 51",
        "Addess Type": "address type Not found",
        "Address street": "address Not found"
    },
    {
        "contact id": "14012bcc8bbedb16",
        "Family Name": "name Not found",
        "Given Name": "P. IVA | Laura",
        "Organiztion Name": "oraginazation Not found",
        "Mobile No.": "+3901025170571",
        "Phone type": "work",
        "Notes": "P. IVA | Laura 01025170571",
        "Addess Type": "address type Not found",
        "Address street": "address Not found"
    },
    {
        "contact id": "1333e19e8992fb8e",
        "Family Name": "name Not found",
        "Given Name": "Ospedale Cattolica - Ordopedia spalla - Visite controllo",
        "Organiztion Name": "oraginazation Not found",
        "Mobile No.": "+390541966270",
        "Phone type": "work",
        "Notes": "Ospedale Cattolica - Ordopedia spalla - Visite controllo 0541/ 96 62 70",
        "Addess Type": "address type Not found",
        "Address street": "address Not found"
    },
    {
        "contact id": "11ccccef0cba92ee",
        "Family Name": "name Not found",
        "Given Name": "Ospedale S.Donato Arezzo | Preospedalizzazione lu-sa 10-13",
        "Organiztion Name": "oraginazation Not found",
        "Mobile No.": "+390575255340",
        "Phone type": "home",
        "Notes": "Ospedale S.Donato Arezzo | Preospedalizzazione lu-sa 10-13 0575/ 255 302 - 0575/ 25 53 40",
        "Addess Type": "address type Not found",
        "Address street": "address Not found"
    },
    {
        "contact id": "d5ffe788888de68",
        "Family Name": "name Not found",
        "Given Name": "Yale - cassaforte",
        "Organiztion Name": "oraginazation Not found",
        "Mobile No.": "+39800992229",
        "Phone type": "work",
        "Notes": "Yale - cassaforte 800/ 99 22 29",
        "Addess Type": "address type Not found",
        "Address street": "address Not found"
    },
    {
        "contact id": "d56eee98ea3926f",
        "Family Name": "name Not found",
        "Given Name": "SEI TOSCANA ritiro gratuito rifiuti ingombranti",
        "Organiztion Name": "oraginazation Not found",
        "Mobile No.": "+39800127484",
        "Phone type": "work",
        "Notes": "SEI TOSCANA ritiro gratuito rifiuti ingombranti 800/127 484",
        "Addess Type": "address type Not found",
        "Address street": "address Not found"
    },
    {
        "contact id": "7d39700e0b1e1b01",
        "Family Name": "name Not found",
        "Given Name": "P. IVA",
        "Organiztion Name": "oraginazation Not found",
        "Mobile No.": "number Not found",
        "Phone type": "type Not found",
        "Notes": "P. IVA",
        "Addess Type": "address type Not found",
        "Address street": "address Not found"
    }
]